level,class,family,genus,count
class,Bacillariophyceae,,,898
class,Chlorophyceae,,,1153
class,Chromadorea,,,1188
class,Conoidasida,,,923
class,Dinophyceae,,,1020
class,Glomeromycetes,,,684
class,Saccharomycetes,,,1390
class,Sordariomycetes,,,885
class,Trebouxiophyceae,,,1099
class,Ulvophyceae,,,760
family,Glomeromycetes,Acaulosporaceae,,53
family,Bacillariophyceae,Achnanthaceae,,27
family,Bacillariophyceae,Achnanthidiaceae,,24
family,Chromadorea,Allantonematidae,,10
family,Glomeromycetes,Ambisporaceae,,25
family,Dinophyceae,Amoebophryaceae,,20
family,Dinophyceae,Amphidiniopsidaceae,,16
family,Dinophyceae,Amphidomataceae,,19
family,Bacillariophyceae,Amphipleuraceae,,27
family,Chromadorea,Anguinidae,,41
family,Chromadorea,Aphelenchidae,,9
family,Chromadorea,Aphelenchoididae,,238
family,Sordariomycetes,Apiosporaceae,,9
family,Glomeromycetes,Archaeosporaceae,,14
family,Bacillariophyceae,Bacillariaceae,,241
family,Sordariomycetes,Bionectriaceae,,16
family,Trebouxiophyceae,Botryococcaceae,,50
family,Chlorophyceae,Bracteacoccaceae,,49
family,Chromadorea,Bunonematidae,,17
family,Conoidasida,Calyptosporidae,,8
family,Bacillariophyceae,Catenulaceae,,93
family,Ulvophyceae,Caulerpaceae,,113
family,Chromadorea,Cephalobidae,,17
family,Dinophyceae,Ceratiaceae,,24
family,Sordariomycetes,Ceratocystidaceae,,9
family,Sordariomycetes,Chaetomiaceae,,23
family,Chlorophyceae,Chaetophoraceae,,14
family,Chlorophyceae,Chlamydomonadaceae,,362
family,Trebouxiophyceae,Chlorellaceae,,433
family,Chlorophyceae,Chlorococcaceae,,66
family,Ulvophyceae,Cladophoraceae,,163
family,Glomeromycetes,Claroideoglomeraceae,,21
family,Sordariomycetes,Clavicipitaceae,,104
family,Trebouxiophyceae,Coccomyxaceae,,73
family,Bacillariophyceae,Cocconeidaceae,,11
family,Sordariomycetes,Coniochaetaceae,,23
family,Sordariomycetes,Cordycipitaceae,,90
family,Chromadorea,Crenosomatidae,,8
family,Chromadorea,Criconematidae,,57
family,Dinophyceae,Crypthecodiniaceae,,9
family,Conoidasida,Cryptosporidiidae,,63
family,Bacillariophyceae,Cymbellaceae,,34
family,Saccharomycetes,Debaryomycetaceae,,458
family,Sordariomycetes,Diaporthaceae,,10
family,Chromadorea,Dictyocaulidae,,11
family,Dinophyceae,Dinophysiaceae,,73
family,Chromadorea,Diplogasteridae,,16
family,Chromadorea,Diplogasteroididae,,10
family,Saccharomycetes,Dipodascaceae,,71
family,Glomeromycetes,Diversisporaceae,,36
family,Chlorophyceae,Dunaliellaceae,,86
family,Conoidasida,Eimeriidae,,273
family,Bacillariophyceae,Entomoneidaceae,,43
family,Bacillariophyceae,Eunotiaceae,,23
family,Glomeromycetes,Gigasporaceae,,207
family,Glomeromycetes,Glomeraceae,,311
family,Sordariomycetes,Glomerellaceae,,50
family,Bacillariophyceae,Gomphonemataceae,,70
family,Dinophyceae,Goniodomataceae,,143
family,Dinophyceae,Gonyaulacaceae,,141
family,Sordariomycetes,Graphiaceae,,20
family,Conoidasida,Gregarinidae,,16
family,Dinophyceae,Gymnodiniaceae,,111
family,Chlorophyceae,Haematococcaceae,,29
family,Ulvophyceae,Halimedaceae,,121
family,Chromadorea,Hemicycliophoridae,,18
family,Conoidasida,Hepatozoidae,,202
family,Dinophyceae,Heterocapsaceae,,14
family,Chromadorea,Heteroderidae,,34
family,Dinophyceae,Heterodiniaceae,,12
family,Chromadorea,Heterorhabditidae,,17
family,Chromadorea,Hoplolaimidae,,107
family,Chlorophyceae,Hydrodictyaceae,,24
family,Sordariomycetes,Hypocreaceae,,50
family,Dinophyceae,Kareniaceae,,26
family,Trebouxiophyceae,Koliellaceae,,10
family,Dinophyceae,Kryptoperidiniaceae,,10
family,Conoidasida,Lecudinidae,,51
family,Saccharomycetes,Lipomycetaceae,,16
family,Sordariomycetes,Lulworthiaceae,,21
family,Chromadorea,Meloidogynidae,,139
family,Chromadorea,Merliniidae,,11
family,Saccharomycetes,Metschnikowiaceae,,116
family,Chromadorea,Monhysteridae,,10
family,Chlorophyceae,Mychonastaceae,,38
family,Trebouxiophyceae,NA,,822
family,Bacillariophyceae,Naviculaceae,,112
family,Sordariomycetes,Nectriaceae,,141
family,Chromadorea,Neodiplogasteridae,,47
family,Chromadorea,Neotylenchidae,,14
family,Dinophyceae,Noctilucaceae,,10
family,Chromadorea,Onchocercidae,,10
family,Trebouxiophyceae,Oocystaceae,,23
family,Sordariomycetes,Ophiocordycipitaceae,,93
family,Sordariomycetes,Ophiostomataceae,,62
family,Dinophyceae,Ostreopsidaceae,,9
family,Glomeromycetes,Pacisporaceae,,17
family,Chromadorea,Panagrolaimidae,,39
family,Dinophyceae,Peridiniaceae,,37
family,Bacillariophyceae,Phaeodactylaceae,,34
family,Saccharomycetes,Phaffomycetaceae,,142
family,Chromadorea,Philometridae,,21
family,Saccharomycetes,Pichiaceae,,181
family,Bacillariophyceae,Pinnulariaceae,,49
family,Ulvophyceae,Pithophoraceae,,28
family,Chromadorea,Plectidae,,19
family,Sordariomycetes,Plectosphaerellaceae,,62
family,Dinophyceae,Polykrikaceae,,12
family,Trebouxiophyceae,Prasiolaceae,,14
family,Chromadorea,Pratylenchidae,,56
family,Dinophyceae,Prorocentraceae,,67
family,Dinophyceae,Protoperidiniaceae,,26
family,Chlorophyceae,Radiococcaceae,,10
family,Chromadorea,Rhabditidae,,78
family,Bacillariophyceae,Rhopalodiaceae,,9
family,Saccharomycetes,Saccharomycetaceae,,242
family,Saccharomycetes,Saccharomycodaceae,,12
family,Saccharomycetes,Saccharomycopsidaceae,,27
family,Conoidasida,Sarcocystidae,,262
family,Chlorophyceae,Scenedesmaceae,,225
family,Ulvophyceae,Scotinosphaeraceae,,13
family,Chlorophyceae,Selenastraceae,,50
family,Conoidasida,Selenidiidae,,32
family,Bacillariophyceae,Sellaphoraceae,,34
family,Ulvophyceae,Siphonocladaceae,,11
family,Sordariomycetes,Sordariaceae,,29
family,Sordariomycetes,Stachybotryaceae,,12
family,Bacillariophyceae,Stauroneidaceae,,12
family,Chromadorea,Steinernematidae,,20
family,Chromadorea,Strongyloididae,,21
family,Dinophyceae,Suessiaceae,,10
family,Bacillariophyceae,Surirellaceae,,55
family,Dinophyceae,Symbiodiniaceae,,158
family,Dinophyceae,Syndiniaceae,,16
family,Dinophyceae,Thoracosphaeraceae,,16
family,Sordariomycetes,Togniniaceae,,11
family,Chromadorea,Toxocaridae,,9
family,Ulvophyceae,Trentepohliaceae,,173
family,Saccharomycetes,Trichomonascaceae,,44
family,Chromadorea,Tylenchidae,,65
family,Chromadorea,Tylenchulidae,,19
family,Ulvophyceae,Ulotrichaceae,,22
family,Ulvophyceae,Ulvaceae,,92
family,Ulvophyceae,Ulvellaceae,,14
family,Chlorophyceae,Uronemataceae,,10
family,Sordariomycetes,Valsaceae,,12
family,Chlorophyceae,Volvocaceae,,33
family,Sordariomycetes,Xylariaceae,,17
genus,Glomeromycetes,Acaulosporaceae,Acaulospora,53
genus,Bacillariophyceae,Achnanthidiaceae,Achnanthidium,24
genus,Sordariomycetes,Plectosphaerellaceae,Acremonium,47
genus,Chromadorea,Cephalobidae,Acrobeloides,17
genus,Chlorophyceae,Scenedesmaceae,Acutodesmus,18
genus,Dinophyceae,Gonyaulacaceae,Alexandrium,128
genus,Glomeromycetes,Ambisporaceae,Ambispora,25
genus,Saccharomycetes,NA,Ambrosiozyma,15
genus,Dinophyceae,Amoebophryaceae,Amoebophrya,20
genus,Dinophyceae,Amphidiniopsidaceae,Amphidiniopsis,16
genus,Dinophyceae,Gymnodiniaceae,Amphidinium,32
genus,Bacillariophyceae,Catenulaceae,Amphora,93
genus,Chlorophyceae,Selenastraceae,Ankistrodesmus,12
genus,Chromadorea,Aphelenchoididae,Aphelenchoides,113
genus,Chromadorea,Aphelenchidae,Aphelenchus,9
genus,Glomeromycetes,Archaeosporaceae,Archaeospora,14
genus,Sordariomycetes,Apiosporaceae,Arthrinium,9
genus,Trebouxiophyceae,Chlorellaceae,Auxenochlorella,24
genus,Dinophyceae,Amphidomataceae,Azadinium,19
genus,Bacillariophyceae,Bacillariaceae,Bacillaria,11
genus,Sordariomycetes,NA,Barbatosphaeria,10
genus,Saccharomycetes,Phaffomycetaceae,Barnettozyma,20
genus,Ulvophyceae,Cladophoraceae,Basicladia,10
genus,Chromadorea,Tylenchidae,Basiria,10
genus,Sordariomycetes,Cordycipitaceae,Beauveria,22
genus,Conoidasida,Sarcocystidae,Besnoitia,8
genus,Dinophyceae,NA,Blastodinium,29
genus,Trebouxiophyceae,Botryococcaceae,Botryococcus,50
genus,Chlorophyceae,Bracteacoccaceae,Bracteacoccus,49
genus,Saccharomycetes,Pichiaceae,Brettanomyces,13
genus,Chromadorea,Bunonematidae,Bunonema,17
genus,Chromadorea,Aphelenchoididae,Bursaphelenchus,84
genus,Dinophyceae,Peridiniaceae,Bysmatrum,8
genus,Chromadorea,Rhabditidae,Caenorhabditis,27
genus,Conoidasida,Calyptosporidae,Calyptospora,8
genus,Bacillariophyceae,Surirellaceae,Campylodiscus,9
genus,Saccharomycetes,Debaryomycetaceae,Candida,221
genus,Chlorophyceae,NA,Carteria,15
genus,Ulvophyceae,Caulerpaceae,Caulerpa,113
genus,Chromadorea,Tylenchidae,Cephalenchus,10
genus,Ulvophyceae,Trentepohliaceae,Cephaleuros,50
genus,Sordariomycetes,Ophiostomataceae,Ceratocystiopsis,22
genus,Sordariomycetes,Ceratocystidaceae,Ceratocystis,9
genus,Glomeromycetes,Gigasporaceae,Cetraspora,20
genus,Sordariomycetes,Chaetomiaceae,Chaetomium,23
genus,Ulvophyceae,Cladophoraceae,Chaetomorpha,31
genus,Chlorophyceae,Chlamydomonadaceae,Chlamydomonas,221
genus,Trebouxiophyceae,Chlorellaceae,Chlorella,221
genus,Chlorophyceae,Chlorococcaceae,Chlorococcum,66
genus,Chlorophyceae,Haematococcaceae,Chlorogonium,12
genus,Trebouxiophyceae,Chlorellaceae,Chloroidium,25
genus,Chlorophyceae,Chlamydomonadaceae,Chloromonas,68
genus,Chlorophyceae,NA,Chlorosarcinopsis,42
genus,Trebouxiophyceae,NA,Choricystis,17
genus,Ulvophyceae,Cladophoraceae,Cladophora,87
genus,Ulvophyceae,Siphonocladaceae,Cladophoropsis,11
genus,Glomeromycetes,Claroideoglomeraceae,Claroideoglomus,21
genus,Saccharomycetes,Metschnikowiaceae,Clavispora,34
genus,Sordariomycetes,Bionectriaceae,Clonostachys,16
genus,Trebouxiophyceae,Coccomyxaceae,Coccomyxa,73
genus,Bacillariophyceae,Cocconeidaceae,Cocconeis,11
genus,Dinophyceae,Gymnodiniaceae,Cochlodinium,18
genus,Chlorophyceae,Scenedesmaceae,Coelastrella,13
genus,Chlorophyceae,Scenedesmaceae,Coelastrum,31
genus,Trebouxiophyceae,Oocystaceae,Coenochloris,9
genus,Sordariomycetes,Glomerellaceae,Colletotrichum,50
genus,Sordariomycetes,Coniochaetaceae,Coniochaeta,23
genus,Dinophyceae,Ostreopsidaceae,Coolia,9
genus,Sordariomycetes,Cordycipitaceae,Cordyceps,59
genus,Chromadorea,Tylenchidae,Coslenchus,9
genus,Chromadorea,Crenosomatidae,Crenosoma,8
genus,Chromadorea,Criconematidae,Criconema,8
genus,Dinophyceae,Crypthecodiniaceae,Crypthecodinium,9
genus,Conoidasida,Cryptosporidiidae,Cryptosporidium,63
genus,Saccharomycetes,Phaffomycetaceae,Cyberlindnera,37
genus,Conoidasida,Eimeriidae,Cyclospora,9
genus,Bacillariophyceae,Bacillariaceae,Cylindrotheca,39
genus,Bacillariophyceae,Cymbellaceae,Cymbella,14
genus,Conoidasida,Sarcocystidae,Cystoisospora,21
genus,Saccharomycetes,Debaryomycetaceae,Debaryomyces,34
genus,Glomeromycetes,Gigasporaceae,Dentiscutata,32
genus,Chlorophyceae,Scenedesmaceae,Desmodesmus,59
genus,Sordariomycetes,Diaporthaceae,Diaporthe,10
genus,Chromadorea,Dictyocaulidae,Dictyocaulus,11
genus,Trebouxiophyceae,NA,Dictyochloropsis,10
genus,Trebouxiophyceae,NA,Dictyosphaerium,41
genus,Bacillariophyceae,Gomphonemataceae,Didymosphenia,16
genus,Dinophyceae,Dinophysiaceae,Dinophysis,20
genus,Chromadorea,Diplogasteroididae,Diplogasteroides,10
genus,Chlorophyceae,Chaetophoraceae,Diplosphaera,14
genus,Saccharomycetes,Dipodascaceae,Dipodascus,10
genus,Chromadorea,Anguinidae,Ditylenchus,41
genus,Saccharomycetes,NA,Diutina,17
genus,Glomeromycetes,Diversisporaceae,Diversispora,36
genus,Chlorophyceae,Dunaliellaceae,Dunaliella,86
genus,Dinophyceae,Kryptoperidiniaceae,Durinskia,10
genus,Conoidasida,Eimeriidae,Eimeria,219
genus,Trebouxiophyceae,NA,Elliptochloris,221
genus,Bacillariophyceae,Cymbellaceae,Encyonema,12
genus,Bacillariophyceae,Entomoneidaceae,Entomoneis,43
genus,Bacillariophyceae,Rhopalodiaceae,Epithemia,9
genus,Saccharomycetes,Saccharomycetaceae,Eremothecium,13
genus,Chlorophyceae,NA,Ettlia,9
genus,Chlorophyceae,Volvocaceae,Eudorina,14
genus,Chromadorea,Monhysteridae,Eumonhystera,10
genus,Bacillariophyceae,Eunotiaceae,Eunotia,23
genus,Chromadorea,Neotylenchidae,Fergusobia,14
genus,Chromadorea,Tylenchidae,Filenchus,24
genus,Bacillariophyceae,Naviculaceae,Fistulifera,12
genus,Bacillariophyceae,Bacillariaceae,Fragilariopsis,15
genus,Bacillariophyceae,Amphipleuraceae,Frustulia,13
genus,Glomeromycetes,Glomeraceae,Funneliformis,45
genus,Sordariomycetes,Nectriaceae,Fusarium,130
genus,Saccharomycetes,Dipodascaceae,Galactomyces,23
genus,Dinophyceae,Goniodomataceae,Gambierdiscus,143
genus,Saccharomycetes,Dipodascaceae,Geotrichum,10
genus,Glomeromycetes,Gigasporaceae,Gigaspora,109
genus,Chromadorea,Heteroderidae,Globodera,16
genus,Glomeromycetes,Glomeraceae,Glomus,104
genus,Bacillariophyceae,Gomphonemataceae,Gomphonema,54
genus,Dinophyceae,Gonyaulacaceae,Gonyaulax,13
genus,Conoidasida,Eimeriidae,Goussia,27
genus,Sordariomycetes,Graphiaceae,Graphium,20
genus,Conoidasida,Gregarinidae,Gregarina,16
genus,Sordariomycetes,Ophiostomataceae,Grosmannia,10
genus,Dinophyceae,Gymnodiniaceae,Gymnodinium,31
genus,Dinophyceae,Gymnodiniaceae,Gyrodinium,9
genus,Chlorophyceae,Haematococcaceae,Haematococcus,17
genus,Bacillariophyceae,Amphipleuraceae,Halamphora,14
genus,Chromadorea,Panagrolaimidae,Halicephalobus,21
genus,Ulvophyceae,Halimedaceae,Halimeda,121
genus,Saccharomycetes,Saccharomycodaceae,Hanseniaspora,12
genus,Chromadorea,Hoplolaimidae,Helicotylenchus,34
genus,Dinophyceae,Syndiniaceae,Hematodinium,16
genus,Chromadorea,Criconematidae,Hemicriconemoides,11
genus,Chromadorea,Hemicycliophoridae,Hemicycliophora,18
genus,Conoidasida,Hepatozoidae,Hepatozoon,202
genus,Dinophyceae,Heterocapsaceae,Heterocapsa,14
genus,Trebouxiophyceae,NA,Heterochlorella,10
genus,Chromadorea,Heteroderidae,Heterodera,18
genus,Dinophyceae,Heterodiniaceae,Heterodinium,12
genus,Chromadorea,Heterorhabditidae,Heterorhabditis,17
genus,Trebouxiophyceae,NA,Hindakia,9
genus,Chromadorea,Pratylenchidae,Hirschmanniella,15
genus,Chromadorea,Allantonematidae,Howardula,10
genus,Saccharomycetes,Debaryomycetaceae,Hyphopichia,10
genus,Conoidasida,Eimeriidae,Isospora,18
genus,Dinophyceae,Kareniaceae,Karenia,11
genus,Dinophyceae,Kareniaceae,Karlodinium,15
genus,Saccharomycetes,Saccharomycetaceae,Kazachstania,55
genus,Saccharomycetes,Saccharomycetaceae,Kluyveromyces,40
genus,Saccharomycetes,Metschnikowiaceae,Kodamaea,23
genus,Chromadorea,Neodiplogasteridae,Koerneria,10
genus,Trebouxiophyceae,Koliellaceae,Koliella,10
genus,Saccharomycetes,Phaffomycetaceae,Komagataella,9
genus,Saccharomycetes,NA,Kuraishia,13
genus,Conoidasida,Lecudinidae,Lankesteria,21
genus,Sordariomycetes,Cordycipitaceae,Lecanicillium,9
genus,Conoidasida,Lecudinidae,Lecudina,30
genus,Dinophyceae,NA,Lingulodinium,12
genus,Saccharomycetes,Lipomycetaceae,Lipomyces,16
genus,Chlorophyceae,Chlamydomonadaceae,Lobochlamys,17
genus,Sordariomycetes,Lulworthiaceae,Lulworthia,21
genus,Chromadorea,Tylenchidae,Malenchus,12
genus,Bacillariophyceae,Naviculaceae,Mayamaea,10
genus,Chromadorea,Meloidogynidae,Meloidogyne,139
genus,Chromadorea,Criconematidae,Mesocriconema,28
genus,Chromadorea,Rhabditidae,Mesorhabditis,10
genus,Sordariomycetes,Clavicipitaceae,Metarhizium,104
genus,Saccharomycetes,Metschnikowiaceae,Metschnikowia,59
genus,Saccharomycetes,Debaryomycetaceae,Meyerozyma,42
genus,Chromadorea,Diplogasteridae,Micoletzkya,16
genus,Trebouxiophyceae,Chlorellaceae,Micractinium,49
genus,Chlorophyceae,Chlamydomonadaceae,Microglena,22
genus,Chlorophyceae,Selenastraceae,Monoraphidium,38
genus,Trebouxiophyceae,NA,Mucidosphaerium,10
genus,Trebouxiophyceae,NA,Muriella,12
genus,Chlorophyceae,Mychonastaceae,Mychonastes,38
genus,Trebouxiophyceae,NA,Myrmecia,15
genus,Saccharomycetes,NA,Myxozyma,12
genus,Saccharomycetes,Saccharomycetaceae,Nakaseomyces,12
genus,Saccharomycetes,Pichiaceae,Nakazawaea,21
genus,Trebouxiophyceae,Chlorellaceae,Nannochloris,48
genus,Bacillariophyceae,Naviculaceae,Navicula,90
genus,Sordariomycetes,Nectriaceae,Nectria,11
genus,Conoidasida,NA,Nematopsis,16
genus,Chlorophyceae,NA,Neochlorosarcina,13
genus,Sordariomycetes,Sordariaceae,Neurospora,29
genus,Bacillariophyceae,Bacillariaceae,Nitzschia,119
genus,Dinophyceae,Noctilucaceae,Noctiluca,10
genus,Dinophyceae,Gymnodiniaceae,Nusuttodinium,21
genus,Chlorophyceae,NA,Oedogonium,22
genus,Saccharomycetes,Pichiaceae,Ogataea,57
genus,Chromadorea,Criconematidae,Ogma,10
genus,Chromadorea,Onchocercidae,Onchocerca,10
genus,Trebouxiophyceae,Oocystaceae,Oocystis,14
genus,Chlorophyceae,Chlamydomonadaceae,Oophila,34
genus,Sordariomycetes,Ophiocordycipitaceae,Ophiocordyceps,61
genus,Sordariomycetes,Ophiostomataceae,Ophiostoma,21
genus,Dinophyceae,Dinophysiaceae,Ornithocercus,9
genus,Chromadorea,Rhabditidae,Oscheius,22
genus,Glomeromycetes,Pacisporaceae,Pacispora,17
genus,Chromadorea,Panagrolaimidae,Panagrolaimus,18
genus,Chlorophyceae,Volvocaceae,Pandorina,10
genus,Trebouxiophyceae,NA,Parachlorella,21
genus,Chromadorea,Tylenchulidae,Paratylenchus,19
genus,Chlorophyceae,Hydrodictyaceae,Pediastrum,9
genus,Dinophyceae,Suessiaceae,Pelagodinium,10
genus,Dinophyceae,Peridiniaceae,Peridinium,29
genus,Sordariomycetes,Togniniaceae,Phaeoacremonium,11
genus,Bacillariophyceae,Phaeodactylaceae,Phaeodactylum,34
genus,Dinophyceae,Dinophysiaceae,Phalacroma,30
genus,Chromadorea,Rhabditidae,Phasmarhabditis,19
genus,Chromadorea,Philometridae,Philometra,21
genus,Sordariomycetes,Valsaceae,Phomopsis,12
genus,Saccharomycetes,Pichiaceae,Pichia,81
genus,Trebouxiophyceae,NA,Picochlorum,39
genus,Bacillariophyceae,Pinnulariaceae,Pinnularia,49
genus,Ulvophyceae,Pithophoraceae,Pithophora,16
genus,Bacillariophyceae,Cymbellaceae,Placoneis,8
genus,Bacillariophyceae,Achnanthaceae,Planothidium,27
genus,Chromadorea,Plectidae,Plectus,19
genus,Sordariomycetes,Ophiocordycipitaceae,Polycephalomyces,10
genus,Dinophyceae,Polykrikaceae,Polykrikos,12
genus,Trebouxiophyceae,Prasiolaceae,Prasiola,14
genus,Chromadorea,Merliniidae,Pratylenchoides,11
genus,Chromadorea,Pratylenchidae,Pratylenchus,41
genus,Ulvophyceae,Trentepohliaceae,Printzina,19
genus,Chromadorea,Neodiplogasteridae,Pristionchus,37
genus,Dinophyceae,Prorocentraceae,Prorocentrum,67
genus,Dinophyceae,Protoperidiniaceae,Protoperidinium,26
genus,Chlorophyceae,NA,Protosiphon,10
genus,Trebouxiophyceae,Chlorellaceae,Prototheca,42
genus,Ulvophyceae,NA,Pseudendoclonium,10
genus,Bacillariophyceae,Bacillariaceae,Pseudo-nitzschia,57
genus,Trebouxiophyceae,Chlorellaceae,Pseudochlorella,24
genus,Chlorophyceae,Hydrodictyaceae,Pseudopediastrum,15
genus,Sordariomycetes,Ophiocordycipitaceae,Purpureocillium,9
genus,Glomeromycetes,Gigasporaceae,Racocetra,12
genus,Chlorophyceae,Radiococcaceae,Radiococcus,10
genus,Sordariomycetes,Ophiostomataceae,Raffaelea,9
genus,Ulvophyceae,Cladophoraceae,Rhizoclonium,35
genus,Glomeromycetes,Glomeraceae,Rhizophagus,162
genus,Chromadorea,Aphelenchoididae,Robustodorus,9
genus,Chromadorea,Hoplolaimidae,Rotylenchulus,58
genus,Chromadorea,Hoplolaimidae,Rotylenchus,15
genus,Saccharomycetes,Saccharomycetaceae,Saccharomyces,78
genus,Saccharomycetes,Saccharomycopsidaceae,Saccharomycopsis,27
genus,Conoidasida,Sarcocystidae,Sarcocystis,186
genus,Sordariomycetes,NA,Sarocladium,11
genus,Saccharomycetes,Pichiaceae,Saturnispora,9
genus,Chlorophyceae,Scenedesmaceae,Scenedesmus,84
genus,Saccharomycetes,Debaryomycetaceae,Scheffersomyces,42
genus,Chromadorea,Aphelenchoididae,Schistonchus,32
genus,Ulvophyceae,Scotinosphaeraceae,Scotinosphaera,13
genus,Dinophyceae,Thoracosphaeraceae,Scrippsiella,16
genus,Glomeromycetes,Gigasporaceae,Scutellospora,34
genus,Conoidasida,Selenidiidae,Selenidium,32
genus,Bacillariophyceae,Sellaphoraceae,Sellaphora,34
genus,Dinophyceae,Dinophysiaceae,Sinophysis,14
genus,Saccharomycetes,Debaryomycetaceae,Spathaspora,10
genus,Sordariomycetes,Stachybotryaceae,Stachybotrys,12
genus,Saccharomycetes,Phaffomycetaceae,Starmera,15
genus,Saccharomycetes,NA,Starmerella,24
genus,Bacillariophyceae,Stauroneidaceae,Stauroneis,12
genus,Chromadorea,Steinernematidae,Steinernema,20
genus,Trebouxiophyceae,NA,Stichococcus,60
genus,Chlorophyceae,NA,Stigeoclonium,18
genus,Chromadorea,Strongyloididae,Strongyloides,21
genus,Saccharomycetes,Trichomonascaceae,Sugiyamaella,27
genus,Saccharomycetes,Debaryomycetaceae,Suhomyces,47
genus,Bacillariophyceae,Surirellaceae,Surirella,46
genus,Trebouxiophyceae,NA,Symbiochloris,14
genus,Dinophyceae,Symbiodiniaceae,Symbiodinium,158
genus,Chlorophyceae,NA,Tetracystis,28
genus,Chlorophyceae,Scenedesmaceae,Tetradesmus,20
genus,Saccharomycetes,Saccharomycetaceae,Tetrapisispora,14
genus,Saccharomycetes,Debaryomycetaceae,Teunomyces,18
genus,Sordariomycetes,Ophiocordycipitaceae,Tolypocladium,13
genus,Saccharomycetes,Saccharomycetaceae,Torulaspora,10
genus,Chromadorea,Toxocaridae,Toxocara,9
genus,Conoidasida,Sarcocystidae,Toxoplasma,47
genus,Trebouxiophyceae,NA,Trebouxia,17
genus,Ulvophyceae,Trentepohliaceae,Trentepohlia,104
genus,Sordariomycetes,Hypocreaceae,Trichoderma,50
genus,Dinophyceae,Ceratiaceae,Tripos,24
genus,Ulvophyceae,Ulotrichaceae,Ulothrix,9
genus,Ulvophyceae,Ulvaceae,Ulva,92
genus,Ulvophyceae,Ulvellaceae,Ulvella,14
genus,Chlorophyceae,Uronemataceae,Uronema,10
genus,Ulvophyceae,Ulotrichaceae,Urospora,13
genus,Sordariomycetes,Plectosphaerellaceae,Verticillium,15
genus,Chlorophyceae,Volvocaceae,Volvox,9
genus,Saccharomycetes,Trichomonascaceae,Wickerhamiella,17
genus,Saccharomycetes,Phaffomycetaceae,Wickerhamomyces,61
genus,Ulvophyceae,Pithophoraceae,Wittrockiella,12
genus,Sordariomycetes,Xylariaceae,Xylaria,17
genus,Saccharomycetes,Debaryomycetaceae,Yamadazyma,34
genus,Saccharomycetes,Dipodascaceae,Yarrowia,28
genus,Saccharomycetes,Saccharomycetaceae,Zygosaccharomyces,20
